사용월,호선명,역ID,지하철역,유임승차,유임하차,무임승차,무임하차,작업일시
2023-04,1호선,0150,서울역,"1,332,718","1,270,254","217,525","207,338",2023-05-03 10:27:53
2023-04,1호선,0151,시청,"642,597","647,250","96,416","94,082",2023-05-03 10:27:53
2023-04,1호선,0152,종각,"923,198","904,949","143,472","133,863",2023-05-03 10:27:53
2023-04,1호선,0153,종로3가,"487,157","438,797","304,625","282,190",2023-05-03 10:27:53
2023-04,1호선,0154,종로5가,"471,855","470,399","255,817","247,162",2023-05-03 10:27:53
2023-04,1호선,0155,동대문,"229,644","223,394","125,974","126,273",2023-05-03 10:27:53
2023-04,1호선,0156,신설동,"285,693","274,762","119,333","115,973",2023-05-03 10:27:53
2023-04,1호선,0157,제기동,"232,674","222,285","277,194","297,591",2023-05-03 10:27:53
2023-04,1호선,0158,청량리(서울시립대입구),"345,292","340,230","259,065","258,269",2023-05-03 10:27:53
2023-04,1호선,0159,동묘앞,"145,465","153,478","164,781","167,005",2023-05-03 10:27:53
2023-04,2호선,0201,시청,"646,021","603,305","59,602","53,559",2023-05-03 10:27:53
2023-04,2호선,0202,을지로입구,"1,208,103","1,244,442","100,389","93,336",2023-05-03 10:27:53
2023-04,2호선,0203,을지로3가,"608,969","603,545","78,137","76,554",2023-05-03 10:27:53
2023-04,2호선,0204,을지로4가,"311,136","320,574","77,137","75,933",2023-05-03 10:27:53
2023-04,2호선,0205,동대문역사문화공원(DDP),"367,063","427,158","57,869","63,260",2023-05-03 10:27:53
2023-04,2호선,0206,신당,"337,378","354,767","96,292","98,322",2023-05-03 10:27:53
2023-04,2호선,0207,상왕십리,"348,239","330,794","68,456","68,597",2023-05-03 10:27:53
2023-04,2호선,0208,왕십리(성동구청),"426,623","366,325","53,457","47,196",2023-05-03 10:27:53
2023-04,2호선,0209,한양대,"356,708","398,617","14,637","15,531",2023-05-03 10:27:53
2023-04,2호선,0210,뚝섬,"639,617","665,980","61,914","61,482",2023-05-03 10:27:53
2023-04,2호선,0211,성수,"993,946","1,101,383","104,007","106,162",2023-05-03 10:27:53
2023-04,2호선,0212,건대입구,"1,025,199","1,078,266","94,192","98,513",2023-05-03 10:27:53
2023-04,2호선,0213,구의(광진구청),"584,192","566,111","104,723","105,943",2023-05-03 10:27:53
2023-04,2호선,0214,강변(동서울터미널),"811,412","768,332","125,299","122,026",2023-05-03 10:27:53
2023-04,2호선,0215,잠실나루,"336,278","327,194","88,806","88,864",2023-05-03 10:27:53
2023-04,2호선,0216,잠실(송파구청),"2,159,887","2,136,298","224,300","211,319",2023-05-03 10:27:53
2023-04,2호선,0217,잠실새내,"563,086","564,328","112,721","111,347",2023-05-03 10:27:53
2023-04,2호선,0218,종합운동장,"398,632","443,109","63,667","64,144",2023-05-03 10:27:53
2023-04,2호선,0219,삼성(무역센터),"1,426,493","1,446,829","117,190","109,666",2023-05-03 10:27:53
2023-04,2호선,0220,선릉,"1,285,364","1,134,640","214,121","188,513",2023-05-03 10:27:53
2023-04,2호선,0221,역삼,"1,209,268","1,386,567","143,611","146,499",2023-05-03 10:27:53
2023-04,2호선,0222,강남,"2,087,262","2,036,135","153,363","135,021",2023-05-03 10:27:53
2023-04,2호선,0223,교대(법원.검찰청),"734,519","870,036","150,293","176,479",2023-05-03 10:27:53
2023-04,2호선,0224,서초,"550,779","514,715","89,960","87,154",2023-05-03 10:27:53
2023-04,2호선,0225,방배,"450,711","469,405","78,520","77,749",2023-05-03 10:27:53
2023-04,2호선,0226,사당,"957,076","1,087,682","218,098","210,687",2023-05-03 10:27:53
2023-04,2호선,0227,낙성대(강감찬),"712,606","684,086","110,334","111,528",2023-05-03 10:27:53
2023-04,2호선,0228,서울대입구(관악구청),"1,210,925","1,176,518","180,920","172,352",2023-05-03 10:27:53
2023-04,2호선,0229,봉천,"552,430","503,290","150,141","149,872",2023-05-03 10:27:53
2023-04,2호선,0230,신림,"1,469,914","1,408,666","202,776","200,691",2023-05-03 10:27:53
2023-04,2호선,0231,신대방,"630,359","603,355","134,165","136,723",2023-05-03 10:27:53
2023-04,2호선,0232,구로디지털단지,"1,456,156","1,432,544","184,979","186,268",2023-05-03 10:27:53
2023-04,2호선,0233,대림(구로구청),"591,615","604,754","135,279","139,559",2023-05-03 10:27:53
2023-04,2호선,0234,신도림,"1,243,293","1,239,147","219,513","207,841",2023-05-03 10:27:53
2023-04,2호선,0235,문래,"524,427","544,434","86,123","85,993",2023-05-03 10:27:53
2023-04,2호선,0236,영등포구청,"506,033","524,003","100,937","100,538",2023-05-03 10:27:53
2023-04,2호선,0237,당산,"488,264","565,888","62,592","68,604",2023-05-03 10:27:53
2023-04,2호선,0238,합정,"906,332","1,003,786","72,826","74,064",2023-05-03 10:27:53
2023-04,2호선,0239,홍대입구,"1,942,056","2,078,739","97,947","94,746",2023-05-03 10:27:53
2023-04,2호선,0240,신촌,"1,025,389","1,046,327","121,845","120,011",2023-05-03 10:27:53
2023-04,2호선,0241,이대,"468,241","505,293","49,949","52,435",2023-05-03 10:27:53
2023-04,2호선,0242,아현,"254,760","236,411","65,455","64,317",2023-05-03 10:27:53
2023-04,2호선,0243,충정로(경기대입구),"234,133","251,568","48,554","48,640",2023-05-03 10:27:53
2023-04,2호선,0244,용답,"72,892","73,079","17,688","17,603",2023-05-03 10:27:53
2023-04,2호선,0245,신답,"38,588","42,219","10,124","10,721",2023-05-03 10:27:53
2023-04,2호선,0246,신설동,"82,163","78,693","34,282","35,656",2023-05-03 10:27:53
2023-04,2호선,0247,도림천,"28,372","30,250","8,511","9,443",2023-05-03 10:27:53
2023-04,2호선,0248,양천구청,"152,138","159,847","52,326","53,171",2023-05-03 10:27:53
2023-04,2호선,0249,신정네거리,"228,661","235,776","74,420","75,923",2023-05-03 10:27:53
2023-04,2호선,0250,용두(동대문구청),"46,587","44,895","23,247","24,224",2023-05-03 10:27:53
2023-04,3호선,0309,지축,"154,466","150,940","32,744","31,551",2023-05-03 10:27:53
2023-04,3호선,0310,구파발,"501,374","487,720","124,909","121,293",2023-05-03 10:27:53
2023-04,3호선,0311,연신내,"773,388","728,312","260,702","251,853",2023-05-03 10:27:53
2023-04,3호선,0312,불광,"346,915","371,075","141,934","157,131",2023-05-03 10:27:53
2023-04,3호선,0313,녹번,"377,964","332,916","79,558","78,519",2023-05-03 10:27:53
2023-04,3호선,0314,홍제,"395,171","371,190","145,471","143,140",2023-05-03 10:27:53
2023-04,3호선,0315,무악재,"94,209","90,714","32,004","34,148",2023-05-03 10:27:53
2023-04,3호선,0316,독립문,"150,252","159,525","71,427","72,403",2023-05-03 10:27:53
2023-04,3호선,0317,경복궁(정부서울청사),"678,110","700,213","102,988","104,803",2023-05-03 10:27:53
2023-04,3호선,0318,안국,"690,953","727,344","106,241","110,199",2023-05-03 10:27:53
2023-04,3호선,0319,종로3가,"235,141","283,445","62,138","68,969",2023-05-03 10:27:53
2023-04,3호선,0320,을지로3가,"271,196","278,146","50,048","48,220",2023-05-03 10:27:53
2023-04,3호선,0321,충무로,47,0,2,0,2023-05-03 10:27:53
2023-04,3호선,0322,동대입구,"280,558","316,709","46,398","51,698",2023-05-03 10:27:53
2023-04,3호선,0323,약수,"299,071","290,879","83,661","79,100",2023-05-03 10:27:53
2023-04,3호선,0324,금호,"181,219","163,145","55,516","54,002",2023-05-03 10:27:53
2023-04,3호선,0325,옥수,"203,786","209,300","61,058","61,403",2023-05-03 10:27:53
2023-04,3호선,0326,압구정,"767,248","842,163","140,306","139,013",2023-05-03 10:27:53
2023-04,3호선,0327,신사,"743,363","778,417","69,068","67,522",2023-05-03 10:27:53
2023-04,3호선,0328,잠원,"116,065","109,713","30,853","29,510",2023-05-03 10:27:53
2023-04,3호선,0329,고속터미널,"1,251,110","1,195,125","208,072","200,531",2023-05-03 10:27:53
2023-04,3호선,0330,교대(법원.검찰청),"370,783","228,662","79,091","45,272",2023-05-03 10:27:53
2023-04,3호선,0331,남부터미널(예술의전당),"719,276","730,789","124,392","126,069",2023-05-03 10:27:53
2023-04,3호선,0332,양재(서초구청),"886,495","979,952","152,961","152,920",2023-05-03 10:27:53
2023-04,3호선,0333,매봉,"278,715","272,460","65,722","61,784",2023-05-03 10:27:53
2023-04,3호선,0334,도곡,"129,755","136,612","25,553","25,431",2023-05-03 10:27:53
2023-04,3호선,0335,대치,"268,627","266,885","69,941","67,445",2023-05-03 10:27:53
2023-04,3호선,0336,학여울,"54,643","56,285","19,896","19,942",2023-05-03 10:27:53
2023-04,3호선,0337,대청,"236,801","220,273","61,413","59,169",2023-05-03 10:27:53
2023-04,3호선,0338,일원,"237,992","226,617","69,257","69,237",2023-05-03 10:27:53
2023-04,3호선,0339,수서,"425,111","434,752","118,639","116,018",2023-05-03 10:27:53
2023-04,3호선,0340,가락시장,"181,364","178,321","77,354","75,438",2023-05-03 10:27:53
2023-04,3호선,0341,경찰병원,"163,357","162,357","42,640","44,067",2023-05-03 10:27:53
2023-04,3호선,0342,오금,"152,410","135,684","31,943","30,609",2023-05-03 10:27:53
2023-04,4호선,0409,당고개,"200,486","171,470","77,445","76,401",2023-05-03 10:27:53
2023-04,4호선,0410,상계,"442,018","404,907","129,892","127,396",2023-05-03 10:27:53
2023-04,4호선,0411,노원,"464,084","538,942","94,190","92,832",2023-05-03 10:27:53
2023-04,4호선,0412,창동,"534,406","566,886","208,184","214,015",2023-05-03 10:27:53
2023-04,4호선,0413,쌍문,"675,054","615,178","174,362","172,265",2023-05-03 10:27:53
2023-04,4호선,0414,수유(강북구청),"814,444","814,336","202,483","203,792",2023-05-03 10:27:53
2023-04,4호선,0415,미아(서울사이버대학),"335,993","318,367","115,943","117,454",2023-05-03 10:27:53
2023-04,4호선,0416,미아사거리,"604,567","587,056","186,277","185,143",2023-05-03 10:27:53
2023-04,4호선,0417,길음,"521,251","518,179","122,510","123,818",2023-05-03 10:27:53
2023-04,4호선,0418,성신여대입구(돈암),"551,140","528,231","88,816","85,994",2023-05-03 10:27:53
2023-04,4호선,0419,한성대입구(삼선교),"363,081","351,827","74,490","73,410",2023-05-03 10:27:53
2023-04,4호선,0420,혜화,"931,645","941,736","136,234","135,591",2023-05-03 10:27:53
2023-04,4호선,0421,동대문,"414,139","430,121","157,988","152,959",2023-05-03 10:27:53
2023-04,4호선,0422,동대문역사문화공원(DDP),"475,725","412,947","62,651","56,124",2023-05-03 10:27:53
2023-04,4호선,0423,충무로,"730,480","757,088","118,340","121,727",2023-05-03 10:27:53
2023-04,4호선,0424,명동,"863,532","932,285","76,918","79,701",2023-05-03 10:27:53
2023-04,4호선,0425,회현(남대문시장),"566,207","596,674","200,059","198,406",2023-05-03 10:27:53
2023-04,4호선,0426,서울역,"307,079","555,252","40,569","55,968",2023-05-03 10:27:53
2023-04,4호선,0427,숙대입구(갈월),"391,634","376,928","55,430","52,303",2023-05-03 10:27:53
2023-04,4호선,0428,삼각지,"144,058","171,643","25,770","27,450",2023-05-03 10:27:53
2023-04,4호선,0429,신용산,"462,125","489,289","55,166","55,427",2023-05-03 10:27:53
2023-04,4호선,0430,이촌(국립중앙박물관),"205,489","230,049","50,914","53,409",2023-05-03 10:27:53
2023-04,4호선,0431,동작(현충원),"33,294","38,895","15,882","16,739",2023-05-03 10:27:53
2023-04,4호선,0432,총신대입구(이수),"401,781","443,476","155,789","161,282",2023-05-03 10:27:53
2023-04,4호선,0433,사당,"698,244","602,428","106,474","107,942",2023-05-03 10:27:53
2023-04,4호선,0434,남태령,"31,888","25,157","9,164","8,441",2023-05-03 10:27:53
2023-04,경부선,1001,서울역,"257,027","77,496","17,449","3,622",2023-05-03 10:27:53
2023-04,경부선,1002,남영,"255,537","272,896","37,815","38,905",2023-05-03 10:27:53
2023-04,경부선,1003,용산,"1,084,596","1,103,180","143,850","141,827",2023-05-03 10:27:53
2023-04,경부선,1004,노량진,"227,076","227,411","44,570","42,103",2023-05-03 10:27:53
2023-04,경부선,1005,대방,"254,925","281,382","60,363","62,110",2023-05-03 10:27:53
2023-04,경부선,1006,영등포,"984,870","1,013,001","281,896","281,687",2023-05-03 10:27:53
2023-04,경부선,1007,신도림,"87,401","90,067","25,594","30,204",2023-05-03 10:27:53
2023-04,경부선,1032,신길,"218,124","181,923","49,254","45,875",2023-05-03 10:27:53
2023-04,경부선,1701,구로,"425,034","440,786","101,054","97,935",2023-05-03 10:27:53
2023-04,경부선,1702,가산디지털단지,"430,435","506,219","38,231","42,232",2023-05-03 10:27:53
2023-04,경부선,1703,금천구청,"260,724","260,169","85,817","87,201",2023-05-03 10:27:53
2023-04,경부선,1704,석수,"227,533","206,090","51,761","49,600",2023-05-03 10:27:53
2023-04,경부선,1705,관악,"177,646","163,502","57,678","55,809",2023-05-03 10:27:53
2023-04,경부선,1706,안양,"646,037","638,981","124,716","128,411",2023-05-03 10:27:53
2023-04,경부선,1707,명학,"228,043","223,247","43,176","42,405",2023-05-03 10:27:53
2023-04,경부선,1708,금정,"698,700","709,254","131,275","132,053",2023-05-03 10:27:53
2023-04,경부선,1709,군포,"174,243","167,981","38,834","37,941",2023-05-03 10:27:53
2023-04,경부선,1710,의왕,"228,539","225,554","47,543","47,037",2023-05-03 10:27:53
2023-04,경부선,1711,성균관대,"406,765","400,304","57,835","58,178",2023-05-03 10:27:53
2023-04,경부선,1712,화서,"210,650","201,352","48,544","47,126",2023-05-03 10:27:53
2023-04,경부선,1713,수원,"1,054,728","1,118,966","156,207","159,564",2023-05-03 10:27:53
2023-04,경부선,1714,독산,"432,258","438,005","68,802","70,552",2023-05-03 10:27:53
2023-04,경부선,1715,세류,"85,112","78,034","17,208","16,699",2023-05-03 10:27:53
2023-04,경부선,1716,병점,"426,233","429,018","72,333","72,465",2023-05-03 10:27:53
2023-04,경부선,1717,세마,"76,261","72,494","16,197","15,253",2023-05-03 10:27:53
2023-04,경부선,1718,오산대,"107,524","99,213","20,134","18,968",2023-05-03 10:27:53
2023-04,경부선,1719,오산,"280,188","280,149","50,541","51,788",2023-05-03 10:27:53
2023-04,경부선,1720,진위,"43,962","37,029","10,489","9,958",2023-05-03 10:27:53
2023-04,경부선,1721,송탄,"127,808","125,418","22,253","21,739",2023-05-03 10:27:53
2023-04,경부선,1722,서정리,"240,575","218,939","36,608","34,963",2023-05-03 10:27:53
2023-04,경부선,1723,평택지제,"123,537","118,981","14,009","13,827",2023-05-03 10:27:53
2023-04,경부선,1724,평택,"375,658","381,619","70,434","68,827",2023-05-03 10:27:53
2023-04,경부선,1725,성환,"162,730","155,210","22,012","21,659",2023-05-03 10:27:53
2023-04,경부선,1726,직산,"23,718","23,248","5,928","5,624",2023-05-03 10:27:53
2023-04,경부선,1727,두정,"223,808","242,471","25,815","26,481",2023-05-03 10:27:53
2023-04,경부선,1728,천안,"187,926","170,354","58,171","57,945",2023-05-03 10:27:53
2023-04,경부선,1729,당정,"161,715","153,049","32,608","31,487",2023-05-03 10:27:53
2023-04,경부선,1749,서동탄,"35,340","31,930","7,996","7,800",2023-05-03 10:27:53
2023-04,경부선,1750,광명,"103,533","86,803","11,142","10,325",2023-05-03 10:27:53
2023-04,경인선,1801,개봉,"493,492","468,983","163,664","169,133",2023-05-03 10:27:53
2023-04,경인선,1802,오류동,"259,041","234,607","93,939","92,603",2023-05-03 10:27:53
2023-04,경인선,1803,역곡,"688,937","673,038","158,445","161,620",2023-05-03 10:27:53
2023-04,경인선,1804,부천,"764,640","763,829","215,095","217,770",2023-05-03 10:27:53
2023-04,경인선,1805,송내,"665,108","657,329","128,230","127,421",2023-05-03 10:27:53
2023-04,경인선,1806,부평,"730,771","787,448","147,362","148,692",2023-05-03 10:27:53
2023-04,경인선,1807,백운,"144,546","139,289","58,756","59,403",2023-05-03 10:27:53
2023-04,경인선,1808,동암,"372,910","370,576","107,630","108,761",2023-05-03 10:27:53
2023-04,경인선,1809,주안,"489,543","442,332","93,245","82,659",2023-05-03 10:27:53
2023-04,경인선,1810,제물포,"258,875","243,595","65,964","65,626",2023-05-03 10:27:53
2023-04,경인선,1811,동인천,"312,522","296,024","124,539","120,336",2023-05-03 10:27:53
2023-04,경인선,1812,인천,"94,139","71,338","42,907","38,635",2023-05-03 10:27:53
2023-04,경인선,1813,구일,"202,393","203,399","48,005","47,522",2023-05-03 10:27:53
2023-04,경인선,1814,소사,"190,493","189,553","67,490","68,140",2023-05-03 10:27:53
2023-04,경인선,1815,부개,"194,753","178,205","69,313","67,680",2023-05-03 10:27:53
2023-04,경인선,1816,간석,"128,485","121,157","46,266","44,707",2023-05-03 10:27:53
2023-04,경인선,1817,도원,"71,912","71,060","29,914","32,089",2023-05-03 10:27:53
2023-04,경인선,1821,온수(성공회대입구),"153,337","143,128","52,900","51,158",2023-05-03 10:27:53
2023-04,경인선,1822,중동,"201,150","183,329","73,322","71,755",2023-05-03 10:27:53
2023-04,경인선,1823,도화,"84,204","74,771","40,748","39,013",2023-05-03 10:27:53
2023-04,경원선,1008,이촌(국립중앙박물관),"91,778","67,946","30,902","26,489",2023-05-03 10:27:53
2023-04,경원선,1009,서빙고,"51,789","49,845","18,490","17,657",2023-05-03 10:27:53
2023-04,경원선,1010,한남,"89,679","85,707","30,248","28,073",2023-05-03 10:27:53
2023-04,경원선,1011,옥수,"1,647","1,270",144,82,2023-05-03 10:27:53
2023-04,경원선,1012,응봉,"43,307","38,754","19,090","17,713",2023-05-03 10:27:53
2023-04,경원선,1013,왕십리(성동구청),"417,307","428,554","70,902","74,263",2023-05-03 10:27:53
2023-04,경원선,1014,청량리(서울시립대입구),"367,127","374,325","153,433","159,104",2023-05-03 10:27:53
2023-04,경원선,1016,외대앞,"250,467","244,200","45,834","46,639",2023-05-03 10:27:53
2023-04,경원선,1017,신이문,"177,920","159,714","69,599","67,327",2023-05-03 10:27:53
2023-04,경원선,1018,석계,"177,608","198,956","62,416","67,099",2023-05-03 10:27:53
2023-04,경원선,1019,광운대,"206,202","200,276","54,926","54,331",2023-05-03 10:27:53
2023-04,경원선,1020,월계,"165,060","150,504","64,069","61,623",2023-05-03 10:27:53
2023-04,경원선,1021,녹천,"96,284","78,856","39,040","35,528",2023-05-03 10:27:53
2023-04,경원선,1022,창동,12,0,0,0,2023-05-03 10:27:53
2023-04,경원선,1901,방학,"187,818","180,454","110,973","109,103",2023-05-03 10:27:53
2023-04,경원선,1902,도봉,"103,143","95,916","71,916","70,752",2023-05-03 10:27:53
2023-04,경원선,1903,도봉산,"137,308","78,502","119,763","95,018",2023-05-03 10:27:53
2023-04,경원선,1904,망월사,"201,195","201,492","72,963","74,847",2023-05-03 10:27:53
2023-04,경원선,1905,회룡,"231,155","230,374","152,027","150,703",2023-05-03 10:27:53
2023-04,경원선,1906,의정부,"458,189","476,000","116,528","118,229",2023-05-03 10:27:53
2023-04,경원선,1907,가능,"142,610","134,806","59,137","59,023",2023-05-03 10:27:53
2023-04,경원선,1908,녹양,"99,999","95,238","40,080","38,280",2023-05-03 10:27:53
2023-04,경원선,1909,양주,"178,683","166,332","58,088","56,092",2023-05-03 10:27:53
2023-04,경원선,1910,덕계,"99,797","88,160","29,743","28,495",2023-05-03 10:27:53
2023-04,경원선,1911,덕정,"152,789","144,664","37,740","37,558",2023-05-03 10:27:53
2023-04,경원선,1912,지행,"157,650","158,069","46,111","45,697",2023-05-03 10:27:53
2023-04,경원선,1913,동두천중앙,"58,076","55,927","35,641","35,685",2023-05-03 10:27:53
2023-04,경원선,1914,보산,"35,509","32,982","14,011","13,282",2023-05-03 10:27:53
2023-04,경원선,1915,동두천,"51,800","53,600","24,295","30,705",2023-05-03 10:27:53
2023-04,경원선,1916,소요산,"34,657","27,854","61,222","53,470",2023-05-03 10:27:53
2023-04,안산선,1751,산본,"381,097","412,853","113,343","111,529",2023-05-03 10:27:53
2023-04,안산선,1752,대야미,"121,172","105,713","36,162","33,168",2023-05-03 10:27:53
2023-04,안산선,1753,반월,"97,564","93,216","33,271","32,736",2023-05-03 10:27:53
2023-04,안산선,1754,상록수,"410,788","412,406","74,086","75,778",2023-05-03 10:27:53
2023-04,안산선,1755,한대앞,"260,185","259,143","45,867","47,069",2023-05-03 10:27:53
2023-04,안산선,1756,중앙,"502,624","532,547","67,296","65,422",2023-05-03 10:27:53
2023-04,안산선,1757,고잔,"236,748","225,616","38,829","37,292",2023-05-03 10:27:53
2023-04,안산선,1758,초지,"137,318","138,773","19,583","19,339",2023-05-03 10:27:53
2023-04,안산선,1759,안산,"331,981","310,085","39,152","36,983",2023-05-03 10:27:53
2023-04,안산선,1760,신길온천,"48,423","43,682","10,834","10,667",2023-05-03 10:27:53
2023-04,안산선,1761,정왕,"279,729","283,555","30,126","31,706",2023-05-03 10:27:53
2023-04,안산선,1762,오이도,"220,423","218,309","40,135","39,903",2023-05-03 10:27:53
2023-04,안산선,1763,수리산,"108,060","97,015","52,160","55,591",2023-05-03 10:27:53
2023-04,과천선,1450,선바위,"198,987","173,332","39,784","38,874",2023-05-03 10:27:53
2023-04,과천선,1451,경마공원,"133,812","137,529","84,112","84,359",2023-05-03 10:27:53
2023-04,과천선,1452,대공원,"137,707","141,307","61,107","62,892",2023-05-03 10:27:53
2023-04,과천선,1453,과천,"149,738","138,114","47,870","45,246",2023-05-03 10:27:53
2023-04,과천선,1454,정부과천청사,"253,696","262,386","56,237","56,225",2023-05-03 10:27:53
2023-04,과천선,1455,인덕원,"608,994","615,672","124,637","126,718",2023-05-03 10:27:53
2023-04,과천선,1456,평촌,"432,205","418,775","69,450","69,572",2023-05-03 10:27:53
2023-04,과천선,1457,범계,"673,581","678,056","118,233","116,151",2023-05-03 10:27:53
2023-04,분당선,1023,선릉,"303,356","472,362","43,660","57,813",2023-05-03 10:27:53
2023-04,분당선,1024,한티,"370,264","389,687","70,596","71,779",2023-05-03 10:27:53
2023-04,분당선,1025,도곡,"157,223","149,882","53,317","49,442",2023-05-03 10:27:53
2023-04,분당선,1026,구룡,"56,019","52,891","17,286","16,959",2023-05-03 10:27:53
2023-04,분당선,1027,개포동,"102,625","105,986","34,878","35,383",2023-05-03 10:27:53
2023-04,분당선,1028,대모산입구,"120,498","109,919","36,424","35,952",2023-05-03 10:27:53
2023-04,분당선,1030,수서,"359,138","367,734","72,493","75,587",2023-05-03 10:27:53
2023-04,분당선,1031,복정,24,0,1,0,2023-05-03 10:27:53
2023-04,분당선,1846,수원,"224,043","191,877","33,842","30,433",2023-05-03 10:27:53
2023-04,분당선,1847,서울숲,"414,795","447,312","40,497","39,492",2023-05-03 10:27:53
2023-04,분당선,1848,압구정로데오,"543,937","620,276","48,148","46,480",2023-05-03 10:27:53
2023-04,분당선,1849,강남구청,"227,633","264,900","39,234","42,206",2023-05-03 10:27:53
2023-04,분당선,1850,선정릉,"178,961","188,807","32,766","32,206",2023-05-03 10:27:53
2023-04,분당선,1851,가천대,"310,527","325,107","29,232","30,011",2023-05-03 10:27:53
2023-04,분당선,1852,태평,"303,901","284,277","94,155","98,575",2023-05-03 10:27:53
2023-04,분당선,1853,모란,"439,743","436,784","179,830","196,718",2023-05-03 10:27:53
2023-04,분당선,1854,야탑,"587,678","628,958","163,117","164,003",2023-05-03 10:27:53
2023-04,분당선,1855,서현,"578,719","590,973","127,300","123,362",2023-05-03 10:27:53
2023-04,분당선,1856,수내,"325,916","321,400","80,289","78,478",2023-05-03 10:27:53
2023-04,분당선,1857,정자,"454,392","471,288","78,102","78,180",2023-05-03 10:27:53
2023-04,분당선,1858,미금,"326,646","346,354","107,997","116,336",2023-05-03 10:27:53
2023-04,분당선,1859,오리,"252,581","207,469","74,277","64,265",2023-05-03 10:27:53
2023-04,분당선,1860,이매,"137,856","129,476","43,898","43,420",2023-05-03 10:27:53
2023-04,분당선,1861,보정,"57,212","49,911","21,833","20,766",2023-05-03 10:27:53
2023-04,분당선,1862,죽전,"352,702","388,410","74,765","78,025",2023-05-03 10:27:53
2023-04,분당선,1863,구성,"111,248","117,851","38,935","39,306",2023-05-03 10:27:53
2023-04,분당선,1864,신갈,"104,964","103,675","31,430","31,514",2023-05-03 10:27:53
2023-04,분당선,1865,기흥,"271,307","254,412","44,695","43,924",2023-05-03 10:27:53
2023-04,분당선,1866,상갈,"131,905","127,177","33,547","32,557",2023-05-03 10:27:53
2023-04,분당선,1867,청명,"109,575","105,540","21,314","21,266",2023-05-03 10:27:53
2023-04,분당선,1868,영통,"240,547","241,869","33,310","32,935",2023-05-03 10:27:53
2023-04,분당선,1869,망포,"400,200","382,991","41,993","40,838",2023-05-03 10:27:53
2023-04,분당선,1870,매탄권선,"136,678","132,039","23,370","22,566",2023-05-03 10:27:53
2023-04,분당선,1871,수원시청,"343,660","380,988","47,091","48,133",2023-05-03 10:27:53
2023-04,분당선,1872,매교,"115,016","113,001","24,669","24,619",2023-05-03 10:27:53
2023-04,일산선,1948,원흥,"272,381","257,499","64,864","62,085",2023-05-03 10:27:53
2023-04,일산선,1949,지축,15,0,0,0,2023-05-03 10:27:53
2023-04,일산선,1950,삼송,"469,407","449,070","99,952","101,465",2023-05-03 10:27:53
2023-04,일산선,1951,원당,"245,336","228,264","85,081","84,083",2023-05-03 10:27:53
2023-04,일산선,1952,화정,"382,192","387,962","118,793","120,767",2023-05-03 10:27:53
2023-04,일산선,1953,대곡,"49,878","37,378","12,880","11,759",2023-05-03 10:27:53
2023-04,일산선,1954,백석,"209,810","210,292","72,721","71,826",2023-05-03 10:27:53
2023-04,일산선,1955,마두,"148,207","150,511","67,393","68,735",2023-05-03 10:27:53
2023-04,일산선,1956,정발산,"172,419","181,455","65,030","62,582",2023-05-03 10:27:53
2023-04,일산선,1957,주엽,"182,933","179,890","89,837","92,593",2023-05-03 10:27:53
2023-04,일산선,1958,대화,"310,029","237,422","83,062","76,210",2023-05-03 10:27:53
2023-04,중앙선,1015,회기,"726,572","697,343","129,444","127,188",2023-05-03 10:27:53
2023-04,중앙선,1201,중랑,"118,050","111,137","51,231","50,375",2023-05-03 10:27:53
2023-04,중앙선,1202,상봉(시외버스터미널),"134,317","133,144","43,027","41,576",2023-05-03 10:27:53
2023-04,중앙선,1203,망우,"165,749","156,397","75,420","76,999",2023-05-03 10:27:53
2023-04,중앙선,1204,양원,"68,358","65,866","22,334","21,980",2023-05-03 10:27:53
2023-04,중앙선,1205,구리,"311,657","318,352","85,635","85,714",2023-05-03 10:27:53
2023-04,중앙선,1206,도농,"265,925","240,402","70,106","68,181",2023-05-03 10:27:53
2023-04,중앙선,1207,양정,"12,117","10,011","8,542","7,427",2023-05-03 10:27:53
2023-04,중앙선,1208,덕소,"120,001","119,781","46,953","46,719",2023-05-03 10:27:53
2023-04,중앙선,1209,도심,"52,014","39,420","19,771","18,185",2023-05-03 10:27:53
2023-04,중앙선,1210,팔당,"22,505","24,309","10,964","10,861",2023-05-03 10:27:53
2023-04,중앙선,1211,운길산,"17,584","16,743","14,705","15,124",2023-05-03 10:27:53
2023-04,중앙선,1212,양수,"41,635","40,314","26,078","25,992",2023-05-03 10:27:53
2023-04,중앙선,1213,신원,"4,035","3,294","4,553","3,920",2023-05-03 10:27:53
2023-04,중앙선,1214,국수,"13,945","13,380","11,103","11,050",2023-05-03 10:27:53
2023-04,중앙선,1215,아신,"13,134","13,132","7,627","7,541",2023-05-03 10:27:53
2023-04,중앙선,1216,오빈,"5,245","5,270","5,089","5,197",2023-05-03 10:27:53
2023-04,중앙선,1217,양평,"64,904","66,464","37,599","38,374",2023-05-03 10:27:53
2023-04,중앙선,1218,원덕,"7,330","6,644","8,256","7,791",2023-05-03 10:27:53
2023-04,중앙선,1219,용문,"34,713","34,477","42,629","42,294",2023-05-03 10:27:53
2023-04,중앙선,1220,지평,918,"1,184","1,230","1,280",2023-05-03 10:27:53
2023-04,장항선,1401,봉명,"27,589","26,978","10,711","10,337",2023-05-03 10:27:53
2023-04,장항선,1402,쌍용(나사렛대),"72,941","70,173","15,466","14,526",2023-05-03 10:27:53
2023-04,장항선,1403,아산,"126,783","108,445","14,801","13,891",2023-05-03 10:27:53
2023-04,장항선,1404,탕정,"36,635","32,953","5,914","5,706",2023-05-03 10:27:53
2023-04,장항선,1405,배방,"32,191","31,274","7,654","7,344",2023-05-03 10:27:53
2023-04,장항선,1407,온양온천,"93,236","95,731","56,728","57,112",2023-05-03 10:27:53
2023-04,장항선,1408,신창(순천향대),"73,840","71,588","8,140","7,638",2023-05-03 10:27:53
2023-04,경의선,1252,신촌,"23,321","30,539","3,543","4,133",2023-05-03 10:27:53
2023-04,경의선,1261,효창공원앞,"79,386","84,894","15,878","17,331",2023-05-03 10:27:53
2023-04,경의선,1263,서강대,"58,414","58,329","11,768","11,083",2023-05-03 10:27:53
2023-04,경의선,1265,가좌,"131,579","123,043","46,270","46,468",2023-05-03 10:27:53
2023-04,경의선,1267,수색,"61,131","65,840","15,768","15,576",2023-05-03 10:27:53
2023-04,경의선,1268,화전,"78,443","73,367","10,472","10,354",2023-05-03 10:27:53
2023-04,경의선,1269,강매,"77,617","65,826","19,727","18,672",2023-05-03 10:27:53
2023-04,경의선,1270,행신,"205,330","204,307","37,062","37,883",2023-05-03 10:27:53
2023-04,경의선,1271,능곡,"90,681","80,737","32,223","32,083",2023-05-03 10:27:53
2023-04,경의선,1272,곡산,"13,020","13,456","5,608","5,628",2023-05-03 10:27:53
2023-04,경의선,1273,백마,"168,978","158,887","35,785","35,600",2023-05-03 10:27:53
2023-04,경의선,1274,풍산,"133,190","124,512","38,881","37,901",2023-05-03 10:27:53
2023-04,경의선,1275,일산,"228,514","220,423","65,072","65,675",2023-05-03 10:27:53
2023-04,경의선,1276,탄현,"192,058","179,694","41,594","40,461",2023-05-03 10:27:53
2023-04,경의선,1277,야당,"207,172","212,839","40,851","39,929",2023-05-03 10:27:53
2023-04,경의선,1278,운정,"167,531","152,006","42,224","41,097",2023-05-03 10:27:53
2023-04,경의선,1279,금릉,"127,380","122,674","28,888","28,405",2023-05-03 10:27:53
2023-04,경의선,1280,금촌,"154,140","148,582","47,473","48,002",2023-05-03 10:27:53
2023-04,경의선,1282,월롱,"65,471","56,664","9,161","9,638",2023-05-03 10:27:53
2023-04,경의선,1283,파주,"36,740","27,077","8,164","6,984",2023-05-03 10:27:53
2023-04,경의선,1284,문산,"118,236","115,852","43,748","43,691",2023-05-03 10:27:53
2023-04,경의선,1285,임진강,581,546,537,456,2023-05-03 10:27:53
2023-04,경의선,1286,운천,60,30,122,131,2023-05-03 10:27:53
2023-04,경의선,1291,서울역,"105,433","133,862","17,382","21,031",2023-05-03 10:27:53
2023-04,경의선,1292,공덕,"99,054","80,368","15,224","14,779",2023-05-03 10:27:53
2023-04,경의선,1293,홍대입구,"57,477","71,736","6,072","6,798",2023-05-03 10:27:53
2023-04,경의선,1294,디지털미디어시티,"73,987","65,584","13,567","13,872",2023-05-03 10:27:53
2023-04,경의선,1296,계양,3,0,0,0,2023-05-03 10:27:53
2023-04,경춘선,1311,신내,"47,008","43,777","19,158","18,839",2023-05-03 10:27:53
2023-04,경춘선,1312,갈매,"68,796","58,183","22,814","21,497",2023-05-03 10:27:53
2023-04,경춘선,1313,별내,"72,794","68,627","22,599","21,318",2023-05-03 10:27:53
2023-04,경춘선,1314,퇴계원,"77,185","69,517","29,287","27,920",2023-05-03 10:27:53
2023-04,경춘선,1315,사릉,"54,129","51,977","16,974","17,250",2023-05-03 10:27:53
2023-04,경춘선,1316,금곡,"30,181","28,118","17,195","16,749",2023-05-03 10:27:53
2023-04,경춘선,1317,평내호평,"142,943","140,525","48,015","46,299",2023-05-03 10:27:53
2023-04,경춘선,1318,천마산,"32,058","29,041","19,077","19,075",2023-05-03 10:27:53
2023-04,경춘선,1319,마석,"87,855","86,647","37,777","38,324",2023-05-03 10:27:53
2023-04,경춘선,1320,대성리,"28,970","26,397","8,846","8,233",2023-05-03 10:27:53
2023-04,경춘선,1321,청평,"39,394","37,821","21,728","21,468",2023-05-03 10:27:53
2023-04,경춘선,1322,상천,"7,424","6,933","7,752","7,667",2023-05-03 10:27:53
2023-04,경춘선,1323,가평,"44,898","44,741","18,593","18,402",2023-05-03 10:27:53
2023-04,경춘선,1324,굴봉산,"2,562","2,559","3,937","3,852",2023-05-03 10:27:53
2023-04,경춘선,1325,백양리,"1,215","1,266","1,662","1,692",2023-05-03 10:27:53
2023-04,경춘선,1326,강촌,"14,351","12,599","6,436","6,404",2023-05-03 10:27:53
2023-04,경춘선,1327,김유정,"9,218","10,984","4,890","5,301",2023-05-03 10:27:53
2023-04,경춘선,1328,남춘천,"68,080","68,876","27,355","29,495",2023-05-03 10:27:53
2023-04,경춘선,1329,춘천,"43,677","39,311","19,151","15,123",2023-05-03 10:27:53
2023-04,수인선,1873,고색,"122,772","120,520","18,778","17,358",2023-05-03 10:27:53
2023-04,수인선,1874,오목천,"121,591","102,576","16,218","15,518",2023-05-03 10:27:53
2023-04,수인선,1875,어천,"26,980","25,300","7,142","7,559",2023-05-03 10:27:53
2023-04,수인선,1876,야목,"9,014","6,934","2,766","2,378",2023-05-03 10:27:53
2023-04,수인선,1877,사리,"135,525","115,287","20,443","18,798",2023-05-03 10:27:53
2023-04,수인선,1878,달월,"1,870","1,552","1,210",708,2023-05-03 10:27:53
2023-04,수인선,1879,월곶,"67,408","61,862","17,031","16,621",2023-05-03 10:27:53
2023-04,수인선,1880,소래포구,"111,040","105,445","63,581","62,272",2023-05-03 10:27:53
2023-04,수인선,1881,인천논현,"127,591","138,010","35,028","35,712",2023-05-03 10:27:53
2023-04,수인선,1882,호구포,"94,355","96,249","22,065","21,848",2023-05-03 10:27:53
2023-04,수인선,1883,남동인더스파크,"49,447","56,302","6,887","7,081",2023-05-03 10:27:53
2023-04,수인선,1884,원인재,"102,674","106,851","34,419","34,734",2023-05-03 10:27:53
2023-04,수인선,1885,연수,"113,333","111,142","32,155","31,828",2023-05-03 10:27:53
2023-04,수인선,1886,송도,"54,165","47,517","23,879","23,165",2023-05-03 10:27:53
2023-04,수인선,1888,인하대,"189,040","179,742","29,605","28,536",2023-05-03 10:27:53
2023-04,수인선,1889,숭의,"89,623","82,833","30,824","29,048",2023-05-03 10:27:53
2023-04,수인선,1890,신포,"43,312","43,160","14,273","14,293",2023-05-03 10:27:53
2023-04,수인선,1891,인천,"22,603","41,070","14,045","18,742",2023-05-03 10:27:53
2023-04,경강선,1501,판교,"138,531","139,927","18,944","16,474",2023-05-03 10:27:53
2023-04,경강선,1502,이매,"29,317","23,656","7,794","7,276",2023-05-03 10:27:53
2023-04,경강선,1503,삼동,"57,504","51,685","13,500","13,899",2023-05-03 10:27:53
2023-04,경강선,1504,경기광주,"205,995","191,162","35,765","34,985",2023-05-03 10:27:53
2023-04,경강선,1505,초월,"81,482","75,626","16,196","15,950",2023-05-03 10:27:53
2023-04,경강선,1506,곤지암,"57,976","57,325","16,449","16,550",2023-05-03 10:27:53
2023-04,경강선,1507,신둔도예촌,"39,158","36,273","9,581","9,236",2023-05-03 10:27:53
2023-04,경강선,1508,이천,"70,444","74,703","15,590","16,666",2023-05-03 10:27:53
2023-04,경강선,1509,부발,"58,155","56,270","10,184","10,045",2023-05-03 10:27:53
2023-04,경강선,1510,세종대왕릉,"7,406","7,426","4,425","4,571",2023-05-03 10:27:53
2023-04,경강선,1511,여주,"66,097","66,384","19,357","19,353",2023-05-03 10:27:53
2023-04,5호선,2511,방화,"144,552","137,723","54,315","52,893",2023-05-03 10:27:53
2023-04,5호선,2512,개화산,"125,391","118,905","40,631","40,294",2023-05-03 10:27:53
2023-04,5호선,2513,김포공항,"193,061","181,206","39,268","42,192",2023-05-03 10:27:53
2023-04,5호선,2514,송정,"138,259","128,567","51,228","49,678",2023-05-03 10:27:53
2023-04,5호선,2515,마곡,"256,519","262,430","44,601","43,144",2023-05-03 10:27:53
2023-04,5호선,2516,발산,"503,944","532,297","101,812","98,685",2023-05-03 10:27:53
2023-04,5호선,2517,우장산,"332,591","320,212","94,531","98,327",2023-05-03 10:27:53
2023-04,5호선,2518,화곡,"691,729","638,293","151,610","146,345",2023-05-03 10:27:53
2023-04,5호선,2519,까치산,"673,778","636,813","164,812","165,277",2023-05-03 10:27:53
2023-04,5호선,2520,신정(은행정),"324,688","260,363","64,807","62,200",2023-05-03 10:27:53
2023-04,5호선,2521,목동,"395,169","427,228","85,901","87,070",2023-05-03 10:27:53
2023-04,5호선,2522,오목교(목동운동장앞),"536,902","574,915","89,488","88,977",2023-05-03 10:27:53
2023-04,5호선,2523,양평,"175,985","171,721","30,050","29,995",2023-05-03 10:27:53
2023-04,5호선,2524,영등포구청,"96,713","96,791","20,833","20,171",2023-05-03 10:27:53
2023-04,5호선,2525,영등포시장,"242,721","251,091","78,194","79,975",2023-05-03 10:27:53
2023-04,5호선,2526,신길,"121,589","126,249","12,633","13,118",2023-05-03 10:27:53
2023-04,5호선,2527,여의도,"724,370","766,533","56,949","55,035",2023-05-03 10:27:53
2023-04,5호선,2528,여의나루,"508,299","586,970","42,226","42,818",2023-05-03 10:27:53
2023-04,5호선,2529,마포,"344,567","349,045","62,047","61,491",2023-05-03 10:27:53
2023-04,5호선,2530,공덕,"359,320","379,109","49,150","45,940",2023-05-03 10:27:53
2023-04,5호선,2531,애오개,"153,772","152,545","38,195","37,362",2023-05-03 10:27:53
2023-04,5호선,2532,충정로(경기대입구),"112,724","114,055","14,616","14,657",2023-05-03 10:27:53
2023-04,5호선,2533,서대문,"474,142","480,618","70,379","65,902",2023-05-03 10:27:53
2023-04,5호선,2534,광화문(세종문화회관),"813,260","864,747","88,055","86,738",2023-05-03 10:27:53
2023-04,5호선,2535,종로3가,"346,807","332,217","95,834","99,291",2023-05-03 10:27:53
2023-04,5호선,2536,을지로4가,"137,019","144,015","41,530","40,898",2023-05-03 10:27:53
2023-04,5호선,2537,동대문역사문화공원(DDP),"74,439","86,592","8,299","9,494",2023-05-03 10:27:53
2023-04,5호선,2538,청구,"86,890","84,563","25,291","20,863",2023-05-03 10:27:53
2023-04,5호선,2539,신금호,"144,233","149,490","39,229","44,635",2023-05-03 10:27:53
2023-04,5호선,2540,행당,"183,342","162,164","52,099","47,156",2023-05-03 10:27:53
2023-04,5호선,2541,왕십리(성동구청),"106,165","125,180","24,986","25,072",2023-05-03 10:27:53
2023-04,5호선,2542,마장,"132,344","122,637","42,090","41,160",2023-05-03 10:27:53
2023-04,5호선,2543,답십리,"376,627","339,344","83,687","81,010",2023-05-03 10:27:53
2023-04,5호선,2544,장한평,"440,727","431,515","95,792","96,952",2023-05-03 10:27:53
2023-04,5호선,2545,군자(능동),"297,297","327,622","43,365","45,572",2023-05-03 10:27:53
2023-04,5호선,2546,아차산(어린이대공원후문),"355,868","342,589","104,733","102,372",2023-05-03 10:27:53
2023-04,5호선,2547,광나루(장신대),"341,110","316,520","75,515","72,619",2023-05-03 10:27:53
2023-04,5호선,2548,천호(풍납토성),"422,645","411,813","138,761","141,456",2023-05-03 10:27:53
2023-04,5호선,2549,강동,"418,214","401,081","107,013","104,455",2023-05-03 10:27:53
2023-04,5호선,2550,길동,"158,794","165,457","75,076","76,801",2023-05-03 10:27:53
2023-04,5호선,2551,굽은다리(강동구민회관앞),"203,680","195,052","77,049","71,325",2023-05-03 10:27:53
2023-04,5호선,2552,명일,"188,912","192,495","74,098","76,310",2023-05-03 10:27:53
2023-04,5호선,2553,고덕,"212,226","209,674","73,968","73,449",2023-05-03 10:27:53
2023-04,5호선,2554,상일동,"322,896","301,910","92,317","89,762",2023-05-03 10:27:53
2023-04,5호선,2555,둔촌동,"192,373","192,585","66,142","66,870",2023-05-03 10:27:53
2023-04,5호선,2556,올림픽공원(한국체대),"115,888","104,254","39,740","35,464",2023-05-03 10:27:53
2023-04,5호선,2557,방이,"164,868","169,279","48,396","48,150",2023-05-03 10:27:53
2023-04,5호선,2558,오금,"82,208","82,662","21,622","20,634",2023-05-03 10:27:53
2023-04,5호선,2559,개롱,"139,828","146,312","49,965","51,580",2023-05-03 10:27:53
2023-04,5호선,2560,거여,"229,665","218,585","66,025","64,250",2023-05-03 10:27:53
2023-04,5호선,2561,마천,"161,957","151,131","59,146","60,628",2023-05-03 10:27:53
2023-04,5호선,2562,강일,"118,110","104,646","40,858","39,166",2023-05-03 10:27:53
2023-04,5호선,2563,미사,"415,736","425,119","83,598","83,743",2023-05-03 10:27:53
2023-04,5호선,2564,하남풍산,"98,626","98,501","30,436","30,246",2023-05-03 10:27:53
2023-04,5호선,2565,하남시청(덕풍·신장),"157,093","149,718","73,160","73,616",2023-05-03 10:27:53
2023-04,5호선,2566,하남검단산,"141,199","133,155","52,584","51,871",2023-05-03 10:27:53
2023-04,6호선,2611,응암,"397,310","396,034","123,761","123,221",2023-05-03 10:27:53
2023-04,6호선,2612,역촌,"75,951","96,103","32,913","31,969",2023-05-03 10:27:53
2023-04,6호선,2613,불광,"94,618","97,147","41,839","34,497",2023-05-03 10:27:53
2023-04,6호선,2614,독바위,"59,974","60,026","20,129","24,873",2023-05-03 10:27:53
2023-04,6호선,2615,연신내,20,0,3,0,2023-05-03 10:27:53
2023-04,6호선,2616,구산,"177,859","115,734","54,624","56,056",2023-05-03 10:27:53
2023-04,6호선,2617,새절(신사),"291,235","265,946","90,712","90,276",2023-05-03 10:27:53
2023-04,6호선,2618,증산(명지대앞),"222,901","220,846","74,059","75,331",2023-05-03 10:27:53
2023-04,6호선,2619,디지털미디어시티,"351,778","385,043","60,506","61,941",2023-05-03 10:27:53
2023-04,6호선,2620,월드컵경기장(성산),"115,894","128,409","58,324","57,309",2023-05-03 10:27:53
2023-04,6호선,2621,마포구청,"338,313","299,109","80,852","73,163",2023-05-03 10:27:53
2023-04,6호선,2622,망원,"358,628","384,642","82,330","86,303",2023-05-03 10:27:53
2023-04,6호선,2623,합정,"378,270","370,894","42,440","39,300",2023-05-03 10:27:53
2023-04,6호선,2624,상수,"286,045","330,795","21,593","21,973",2023-05-03 10:27:53
2023-04,6호선,2625,광흥창(서강),"213,224","203,262","51,209","50,918",2023-05-03 10:27:53
2023-04,6호선,2626,대흥(서강대앞),"227,982","236,774","48,152","47,832",2023-05-03 10:27:53
2023-04,6호선,2627,공덕,"455,050","444,507","77,805","73,080",2023-05-03 10:27:53
2023-04,6호선,2628,효창공원앞,"180,823","169,049","39,350","36,347",2023-05-03 10:27:53
2023-04,6호선,2629,삼각지,"203,064","174,660","19,772","16,180",2023-05-03 10:27:53
2023-04,6호선,2630,녹사평(용산구청),"138,838","138,445","18,733","18,418",2023-05-03 10:27:53
2023-04,6호선,2631,이태원,"327,062","343,631","32,949","33,873",2023-05-03 10:27:53
2023-04,6호선,2632,한강진,"284,660","341,560","19,113","19,587",2023-05-03 10:27:53
2023-04,6호선,2633,버티고개,"48,534","46,503","14,033","16,711",2023-05-03 10:27:53
2023-04,6호선,2634,약수,"85,663","85,586","22,925","22,082",2023-05-03 10:27:53
2023-04,6호선,2635,청구,"89,742","86,117","20,661","23,135",2023-05-03 10:27:53
2023-04,6호선,2636,신당,"211,630","216,723","39,990","38,192",2023-05-03 10:27:53
2023-04,6호선,2637,동묘앞,"184,587","194,060","70,663","64,845",2023-05-03 10:27:53
2023-04,6호선,2638,창신,"87,534","74,298","19,264","18,383",2023-05-03 10:27:53
2023-04,6호선,2639,보문,"200,411","183,494","31,587","30,107",2023-05-03 10:27:53
2023-04,6호선,2640,안암(고대병원앞),"361,963","366,656","37,341","36,564",2023-05-03 10:27:53
2023-04,6호선,2641,고려대(종암),"235,333","225,483","35,373","35,051",2023-05-03 10:27:53
2023-04,6호선,2642,월곡(동덕여대),"294,329","283,073","71,061","70,078",2023-05-03 10:27:53
2023-04,6호선,2643,상월곡(한국과학기술연구원),"152,331","139,809","41,978","40,223",2023-05-03 10:27:53
2023-04,6호선,2644,돌곶이,"228,559","207,125","61,998","61,790",2023-05-03 10:27:53
2023-04,6호선,2645,석계,"284,172","297,882","79,668","79,776",2023-05-03 10:27:53
2023-04,6호선,2646,태릉입구,"131,814","155,119","32,008","32,888",2023-05-03 10:27:53
2023-04,6호선,2647,화랑대(서울여대입구),"314,076","238,126","50,288","44,963",2023-05-03 10:27:53
2023-04,6호선,2648,봉화산(서울의료원),"203,246","189,909","49,969","49,583",2023-05-03 10:27:53
2023-04,6호선,2649,신내,12,0,1,0,2023-05-03 10:27:53
2023-04,7호선,2711,장암,"62,800","25,896","12,539","9,372",2023-05-03 10:27:53
2023-04,7호선,2712,도봉산,"222,342","252,234","52,380","74,536",2023-05-03 10:27:53
2023-04,7호선,2713,수락산,"273,783","266,627","102,356","103,780",2023-05-03 10:27:53
2023-04,7호선,2714,마들,"289,599","266,269","89,980","88,260",2023-05-03 10:27:53
2023-04,7호선,2715,노원,"455,412","485,034","127,240","128,753",2023-05-03 10:27:53
2023-04,7호선,2716,중계,"336,817","302,749","98,231","94,959",2023-05-03 10:27:53
2023-04,7호선,2717,하계,"420,514","392,139","115,557","112,066",2023-05-03 10:27:53
2023-04,7호선,2718,공릉(서울과학기술대),"290,242","285,130","73,828","74,338",2023-05-03 10:27:53
2023-04,7호선,2719,태릉입구,"233,292","219,474","47,013","43,885",2023-05-03 10:27:53
2023-04,7호선,2720,먹골,"230,288","222,436","68,140","69,696",2023-05-03 10:27:53
2023-04,7호선,2721,중화,"248,594","241,453","64,703","65,353",2023-05-03 10:27:53
2023-04,7호선,2722,상봉(시외버스터미널),"424,230","406,280","75,445","72,267",2023-05-03 10:27:53
2023-04,7호선,2723,면목,"368,464","347,645","98,705","100,946",2023-05-03 10:27:53
2023-04,7호선,2724,사가정,"374,287","369,954","102,643","103,104",2023-05-03 10:27:53
2023-04,7호선,2725,용마산(용마폭포공원),"137,655","132,268","36,944","39,676",2023-05-03 10:27:53
2023-04,7호선,2726,중곡,"249,431","227,083","63,411","64,208",2023-05-03 10:27:53
2023-04,7호선,2727,군자(능동),"360,576","273,369","81,973","70,374",2023-05-03 10:27:53
2023-04,7호선,2728,어린이대공원(세종대),"477,209","495,751","49,138","48,643",2023-05-03 10:27:53
2023-04,7호선,2729,건대입구,"347,018","372,544","58,380","53,455",2023-05-03 10:27:53
2023-04,7호선,2730,뚝섬유원지,"287,512","279,754","46,633","46,290",2023-05-03 10:27:53
2023-04,7호선,2731,청담,"468,760","524,321","77,261","74,640",2023-05-03 10:27:53
2023-04,7호선,2732,강남구청,"404,824","452,980","52,656","54,035",2023-05-03 10:27:53
2023-04,7호선,2733,학동,"570,189","610,625","62,922","60,428",2023-05-03 10:27:53
2023-04,7호선,2734,논현,"447,229","464,559","43,462","42,383",2023-05-03 10:27:53
2023-04,7호선,2735,반포,"143,403","140,304","36,691","35,296",2023-05-03 10:27:53
2023-04,7호선,2736,고속터미널,"445,041","350,953","80,017","67,633",2023-05-03 10:27:53
2023-04,7호선,2737,내방,"333,094","339,501","73,051","71,123",2023-05-03 10:27:53
2023-04,7호선,2738,이수,"380,242","368,383","76,543","73,805",2023-05-03 10:27:53
2023-04,7호선,2739,남성,"262,339","238,709","73,894","73,238",2023-05-03 10:27:53
2023-04,7호선,2740,숭실대입구(살피재),"388,816","388,896","65,434","68,153",2023-05-03 10:27:53
2023-04,7호선,2741,상도,"297,764","293,325","63,540","61,182",2023-05-03 10:27:53
2023-04,7호선,2742,장승배기,"196,318","189,278","68,478","69,800",2023-05-03 10:27:53
2023-04,7호선,2743,신대방삼거리,"346,787","322,531","89,273","90,947",2023-05-03 10:27:53
2023-04,7호선,2744,보라매,"173,019","178,130","32,136","33,391",2023-05-03 10:27:53
2023-04,7호선,2745,신풍,"259,963","241,150","75,054","74,156",2023-05-03 10:27:53
2023-04,7호선,2746,대림(구로구청),"224,749","227,395","40,670","39,671",2023-05-03 10:27:53
2023-04,7호선,2747,남구로,"360,746","378,389","62,487","62,376",2023-05-03 10:27:53
2023-04,7호선,2748,가산디지털단지,"1,033,817","1,039,440","92,024","86,540",2023-05-03 10:27:53
2023-04,7호선,2749,철산,"514,230","520,724","102,299","101,126",2023-05-03 10:27:53
2023-04,7호선,2750,광명사거리,"462,325","447,656","151,891","157,451",2023-05-03 10:27:53
2023-04,7호선,2751,천왕,"269,272","253,321","59,470","59,088",2023-05-03 10:27:53
2023-04,7호선,2752,온수(성공회대입구),"256,523","239,413","42,054","40,383",2023-05-03 10:27:53
2023-04,7호선,2753,까치울,2,0,0,0,2023-05-03 10:27:53
2023-04,7호선,2759,삼산체육관,0,0,1,0,2023-05-03 10:27:53
2023-04,8호선,2811,암사,"433,827","373,855","107,803","105,871",2023-05-03 10:27:53
2023-04,8호선,2812,천호(풍납토성),"346,595","414,974","86,140","82,346",2023-05-03 10:27:53
2023-04,8호선,2813,강동구청,"228,542","236,436","66,751","67,434",2023-05-03 10:27:53
2023-04,8호선,2814,몽촌토성(평화의문),"159,661","162,992","36,424","35,459",2023-05-03 10:27:53
2023-04,8호선,2815,잠실(송파구청),"390,872","469,149","76,904","75,600",2023-05-03 10:27:53
2023-04,8호선,2816,석촌,"181,171","224,146","54,084","58,677",2023-05-03 10:27:53
2023-04,8호선,2817,송파,"198,878","193,188","63,716","63,235",2023-05-03 10:27:53
2023-04,8호선,2818,가락시장,"158,218","178,929","62,074","63,505",2023-05-03 10:27:53
2023-04,8호선,2819,문정,"504,236","529,603","61,029","61,017",2023-05-03 10:27:53
2023-04,8호선,2820,장지,"415,839","388,715","84,022","79,039",2023-05-03 10:27:53
2023-04,8호선,2821,복정,"239,523","200,392","41,773","37,049",2023-05-03 10:27:53
2023-04,8호선,2822,산성,"125,881","123,916","33,641","36,573",2023-05-03 10:27:53
2023-04,8호선,2823,남한산성입구(성남법원.검찰청),"346,172","312,856","82,363","78,692",2023-05-03 10:27:53
2023-04,8호선,2824,단대오거리,"289,656","273,229","79,857","77,393",2023-05-03 10:27:53
2023-04,8호선,2825,신흥,"109,537","114,352","42,731","44,197",2023-05-03 10:27:53
2023-04,8호선,2826,수진,"116,477","104,705","47,606","47,285",2023-05-03 10:27:53
2023-04,8호선,2827,모란,"90,847","76,047","62,106","46,876",2023-05-03 10:27:53
2023-04,8호선,2828,남위례,"161,836","168,467","33,232","32,641",2023-05-03 10:27:53
2023-04,9호선,4101,개화,"67,682","41,613","14,497","11,751",2023-05-03 10:27:53
2023-04,9호선,4102,김포공항,"198,286","287,322","21,799","26,394",2023-05-03 10:27:53
2023-04,9호선,4103,공항시장,"62,337","65,995","24,003","25,801",2023-05-03 10:27:53
2023-04,9호선,4104,신방화,"151,718","146,257","47,675","47,930",2023-05-03 10:27:53
2023-04,9호선,4105,마곡나루(서울식물원),"334,501","327,743","37,329","36,187",2023-05-03 10:27:53
2023-04,9호선,4106,양천향교,"234,976","239,580","46,488","46,268",2023-05-03 10:27:53
2023-04,9호선,4107,가양,"494,465","476,210","136,970","133,438",2023-05-03 10:27:53
2023-04,9호선,4108,증미,"171,538","159,777","35,880","36,277",2023-05-03 10:27:53
2023-04,9호선,4109,등촌,"248,019","229,086","83,012","82,842",2023-05-03 10:27:53
2023-04,9호선,4110,염창,"440,304","421,635","75,916","74,414",2023-05-03 10:27:53
2023-04,9호선,4111,신목동,"100,809","86,361","23,540","22,164",2023-05-03 10:27:53
2023-04,9호선,4112,선유도,"216,595","203,518","30,566","29,742",2023-05-03 10:27:53
2023-04,9호선,4113,당산,"495,694","497,262","70,119","65,221",2023-05-03 10:27:53
2023-04,9호선,4114,국회의사당,"430,645","448,535","68,366","59,895",2023-05-03 10:27:53
2023-04,9호선,4115,여의도,"729,433","706,438","52,001","47,999",2023-05-03 10:27:53
2023-04,9호선,4116,샛강,"148,818","145,783","29,883","29,432",2023-05-03 10:27:53
2023-04,9호선,4117,노량진,"678,189","656,702","88,717","89,166",2023-05-03 10:27:53
2023-04,9호선,4118,노들,"108,710","87,939","34,998","31,988",2023-05-03 10:27:53
2023-04,9호선,4119,흑석(중앙대입구),"232,542","234,991","58,313","58,760",2023-05-03 10:27:53
2023-04,9호선,4120,동작(현충원),"52,963","43,161","18,163","16,383",2023-05-03 10:27:53
2023-04,9호선,4121,구반포,"20,991","22,114","9,240","9,518",2023-05-03 10:27:53
2023-04,9호선,4122,신반포,"90,364","93,619","25,750","25,729",2023-05-03 10:27:53
2023-04,9호선,4123,고속터미널,"389,940","544,490","66,555","79,000",2023-05-03 10:27:53
2023-04,9호선,4124,사평,"87,260","83,613","23,802","23,845",2023-05-03 10:27:53
2023-04,9호선,4125,신논현,"834,328","819,604","53,940","52,551",2023-05-03 10:27:53
2023-04,공항철도 1호선,4201,서울역,"343,719","313,481","35,909","32,305",2023-05-03 10:27:53
2023-04,공항철도 1호선,4202,공덕,"66,838","92,379","8,368","10,292",2023-05-03 10:27:53
2023-04,공항철도 1호선,4203,홍대입구,"396,071","388,927","19,356","17,837",2023-05-03 10:27:53
2023-04,공항철도 1호선,4204,디지털미디어시티,"358,047","331,157","27,964","26,093",2023-05-03 10:27:53
2023-04,공항철도 1호선,4206,마곡나루(서울식물원),"270,951","264,285","17,975","18,427",2023-05-03 10:27:53
2023-04,공항철도 1호선,4207,김포공항,"300,019","170,935","27,838","18,832",2023-05-03 10:27:53
2023-04,공항철도 1호선,4208,계양,"330,797","305,121","36,190","33,683",2023-05-03 10:27:53
2023-04,공항철도 1호선,4209,검암,"172,581","173,734","18,425","18,761",2023-05-03 10:27:53
2023-04,공항철도 1호선,4210,청라국제도시,"182,850","174,199","14,526","14,630",2023-05-03 10:27:53
2023-04,공항철도 1호선,4211,운서,"233,235","243,546","32,236","32,704",2023-05-03 10:27:53
2023-04,공항철도 1호선,4212,공항화물청사,"51,113","54,396","9,417","9,191",2023-05-03 10:27:53
2023-04,공항철도 1호선,4213,인천공항1터미널,"337,937","315,784","32,183","29,165",2023-05-03 10:27:53
2023-04,공항철도 1호선,4215,인천공항2터미널,"124,819","110,255","12,885","11,346",2023-05-03 10:27:53
2023-04,공항철도 1호선,4217,영종,"94,080","94,655","23,513","23,339",2023-05-03 10:27:53
2023-04,9호선2~3단계,4126,언주,"268,862","274,439","30,092","29,959",2023-05-03 10:27:53
2023-04,9호선2~3단계,4127,선정릉,"246,707","272,831","27,070","28,476",2023-05-03 10:27:53
2023-04,9호선2~3단계,4128,삼성중앙,"181,064","187,904","26,952","26,378",2023-05-03 10:27:53
2023-04,9호선2~3단계,4129,봉은사,"521,367","548,889","55,373","53,129",2023-05-03 10:27:53
2023-04,9호선2~3단계,4130,종합운동장,"124,379","123,859","21,678","20,085",2023-05-03 10:27:53
2023-04,9호선2~3단계,4131,삼전,"171,127","159,922","38,212","37,667",2023-05-03 10:27:53
2023-04,9호선2~3단계,4132,석촌고분,"158,657","153,023","39,173","39,080",2023-05-03 10:27:53
2023-04,9호선2~3단계,4133,석촌,"239,051","216,396","40,393","35,627",2023-05-03 10:27:53
2023-04,9호선2~3단계,4134,송파나루,"131,008","138,832","29,539","30,296",2023-05-03 10:27:53
2023-04,9호선2~3단계,4135,한성백제,"69,237","59,858","18,119","16,417",2023-05-03 10:27:53
2023-04,9호선2~3단계,4136,올림픽공원(한국체대),"223,585","229,067","33,094","33,103",2023-05-03 10:27:53
2023-04,9호선2~3단계,4137,둔촌오륜,"26,060","24,954","6,890","7,393",2023-05-03 10:27:53
2023-04,9호선2~3단계,4138,중앙보훈병원,"239,468","205,131","78,353","76,404",2023-05-03 10:27:53
2023-04,우이신설선,4701,북한산우이,"65,509","58,236","36,808","38,862",2023-05-03 10:27:53
2023-04,우이신설선,4702,솔밭공원,"48,024","41,114","30,062","31,090",2023-05-03 10:27:53
2023-04,우이신설선,4703,4.19민주묘지,"77,386","78,596","38,927","34,509",2023-05-03 10:27:53
2023-04,우이신설선,4704,가오리,"75,494","71,133","51,392","52,187",2023-05-03 10:27:53
2023-04,우이신설선,4705,화계,"59,968","53,165","44,665","45,116",2023-05-03 10:27:53
2023-04,우이신설선,4706,삼양,"32,224","32,032","27,547","30,266",2023-05-03 10:27:53
2023-04,우이신설선,4707,삼양사거리,"38,186","37,123","36,648","36,908",2023-05-03 10:27:53
2023-04,우이신설선,4708,솔샘,"130,935","118,922","40,734","42,506",2023-05-03 10:27:53
2023-04,우이신설선,4709,북한산보국문,"151,042","137,635","45,952","45,458",2023-05-03 10:27:53
2023-04,우이신설선,4710,정릉,"96,553","84,539","48,430","45,781",2023-05-03 10:27:53
2023-04,우이신설선,4711,성신여대입구(돈암),"73,309","87,224","29,762","29,634",2023-05-03 10:27:53
2023-04,우이신설선,4712,보문,"31,447","32,804","15,812","15,571",2023-05-03 10:27:53
2023-04,우이신설선,4713,신설동,"35,326","36,256","30,313","26,753",2023-05-03 10:27:53
2023-04,신림선,4401,샛강,"62,486","77,895","14,778","14,870",2023-05-03 10:27:53
2023-04,신림선,4402,대방,"66,501","48,917","16,802","14,188",2023-05-03 10:27:53
2023-04,신림선,4403,서울지방병무청,"60,468","63,888","22,722","24,819",2023-05-03 10:27:53
2023-04,신림선,4404,보라매,"85,950","78,621","21,856","19,448",2023-05-03 10:27:53
2023-04,신림선,4405,보라매공원,"46,212","51,228","16,268","17,518",2023-05-03 10:27:53
2023-04,신림선,4406,보라매병원,"138,611","145,192","47,633","46,973",2023-05-03 10:27:53
2023-04,신림선,4407,당곡,"92,996","88,941","35,177","34,386",2023-05-03 10:27:53
2023-04,신림선,4408,신림,"35,458","53,929","15,135","18,071",2023-05-03 10:27:53
2023-04,신림선,4409,서원,"76,664","62,214","22,909","22,747",2023-05-03 10:27:53
2023-04,신림선,4410,서울대벤처타운,"208,339","187,189","61,271","61,560",2023-05-03 10:27:53
2023-04,신림선,4411,관악산(서울대),"63,684","69,063","35,209","35,595",2023-05-03 10:27:53
